,Product name,Prices,Description,User Ratings
0,"APPLE iPhone 14 (Blue, 512 GB)","₹99,999","512 GB ROM15.49 cm (6.1 inch) Super Retina XDR Display12MP + 12MP | 12MP Front CameraA15 Bionic Chip, 6 Core Processor Processor1 Year Warranty for Phone and 6 Months Warranty for In-Box Accessories",4.6
1,"APPLE iPhone 14 (Midnight, 512 GB)","₹99,999","512 GB ROM15.49 cm (6.1 inch) Super Retina XDR Display12MP + 12MP | 12MP Front CameraA15 Bionic Chip, 6 Core Processor Processor1 Year Warranty for Phone and 6 Months Warranty for In-Box Accessories",4.6
2,"SAMSUNG Galaxy S22 Ultra 5G (Green, 256 GB)","₹87,000",12 GB RAM | 256 GB ROM17.27 cm (6.8 inch) Quad HD+ Display108MP + 12MP + 10MP + 10MP | 40MP Front Camera5000 mAh Lithium-ion BatteryOcta Core Processor1 Year Manufacturer Warranty for Device and 6 Months Manufacturer Warranty for In-Box Accessories,4.2
3,"APPLE iPhone 14 ((PRODUCT)RED, 512 GB)","₹99,999","512 GB ROM15.49 cm (6.1 inch) Super Retina XDR Display12MP + 12MP | 12MP Front CameraA15 Bionic Chip, 6 Core Processor Processor1 Year Warranty for Phone and 6 Months Warranty for In-Box Accessories",4.6
4,"APPLE iPhone 14 (Starlight, 512 GB)","₹99,999","512 GB ROM15.49 cm (6.1 inch) Super Retina XDR Display12MP + 12MP | 12MP Front CameraA15 Bionic Chip, 6 Core Processor Processor1 Year Warranty for Phone and 6 Months Warranty for In-Box Accessories",4.6
5,"SAMSUNG Galaxy S22 Ultra 5G (Phantom Black, 256 GB)","₹86,999",12 GB RAM | 256 GB ROM17.27 cm (6.8 inch) Quad HD+ Display108MP + 12MP + 10MP + 10MP | 40MP Front Camera5000 mAh Lithium-ion BatteryOcta Core Processor1 Year Manufacturer Warranty for Device and 6 Months Manufacturer Warranty for In-Box Accessories,4.2
6,"APPLE iPhone 14 (Yellow, 512 GB)","₹99,999","512 GB ROM15.49 cm (6.1 inch) Super Retina XDR Display12MP + 12MP | 12MP Front CameraA15 Bionic Chip, 6 Core Processor Processor1 Year Warranty for Phone and 6 Months Warranty for In-Box Accessories",4.6
7,"APPLE iPhone 14 (Purple, 512 GB)","₹99,999","512 GB ROM15.49 cm (6.1 inch) Super Retina XDR Display12MP + 12MP | 12MP Front CameraA15 Bionic Chip, 6 Core Processor Processor1 Year Warranty for Phone and 6 Months Warranty for In-Box Accessories",4.6
8,"APPLE iPhone 11 Pro Max (Midnight Green, 64 GB)","₹95,699",64 GB ROM16.51 cm (6.5 inch) Super Retina XDR Display12MP + 12MP + 12MP | 12MP Front CameraA13 Bionic Chip ProcessorBrand Warranty for 1 Year,4.7
9,"SAMSUNG Galaxy S22 Ultra 5G (Burgundy, 256 GB)","₹85,499",12 GB RAM | 256 GB ROM17.27 cm (6.8 inch) Quad HD+ Display108MP + 12MP + 10MP + 10MP | 40MP Front Camera5000 mAh Lithium-ion BatteryOcta Core Processor1 Year Manufacturer Warranty for Device and 6 Months Manufacturer Warranty for In-Box Accessories,4.2
10,"SAMSUNG Galaxy S23 Plus 5G (Cream, 256 GB)","₹94,999",8 GB RAM | 256 GB ROM16.76 cm (6.6 inch) Full HD+ Display50MP + 10MP + 12MP | 12MP Front Camera4700 mAh Lithium Ion BatteryQualcomm Snapdragon 8 Gen 2 Processor1 Year Manufacturer Warranty for Device and 6 Months Manufacturer Warranty for In-Box Accessories,4.5
11,"SAMSUNG Galaxy S23 Plus 5G (Phantom Black, 256 GB)","₹94,999",8 GB RAM | 256 GB ROM16.76 cm (6.6 inch) Full HD+ Display50MP + 10MP + 12MP | 12MP Front Camera4700 mAh Lithium Ion BatteryQualcomm Snapdragon 8 Gen 2 Processor1 Year Manufacturer Warranty for Device and 6 Months Manufacturer Warranty for In-Box Accessories,4.5
12,"SAMSUNG Galaxy Z Flip4 5G (Graphite, 256 GB)","₹94,999",8 GB RAM | 256 GB ROM17.02 cm (6.7 inch) Full HD+ Display12MP + 12MP | 10MP Front Camera3700 mAh Lithium Ion BatteryQualcomm Snapdragon 8+ Gen 1 Processor1 Year Manufacturer Warranty for Device and 6 Months Manufacturer Warranty for In-Box Accessories,3.7
13,"SAMSUNG Galaxy S22 ultra 5G (Burgundy, 256 GB)","₹87,990",12 GB RAM | 256 GB ROM17.27 cm (6.8 inch) Display108MP Rear Camera5000 mAh Battery1 Year,4.2
14,"APPLE iPhone 13 (Midnight, 512 GB)","₹91,999",512 GB ROM15.49 cm (6.1 inch) Super Retina XDR Display12MP + 12MP | 12MP Front CameraA15 Bionic Chip ProcessorBrand Warranty for 1 Year,4.7
15,"APPLE iPhone 13 (Green, 512 GB)","₹91,999",512 GB ROM15.49 cm (6.1 inch) Super Retina XDR Display12MP + 12MP | 12MP Front CameraA15 Bionic Chip ProcessorBrand Warranty for 1 Year,4.7
16,"SAMSUNG Galaxy S22 5G (Phantom Black, 256 GB)","₹72,999",8 GB RAM | 256 GB ROM15.49 cm (6.1 inch) Full HD+ Display50MP + 12MP + 10MP | 10MP Front Camera3700 mAh Lithium-ion BatteryOcta Core Processor1 Year Manufacturer Warranty for Device and 6 Months Manufacturer Warranty for In-Box Accessories,4.3
17,"APPLE iPhone 13 (Starlight, 512 GB)","₹91,999",512 GB ROM15.49 cm (6.1 inch) Super Retina XDR Display12MP + 12MP | 12MP Front CameraA15 Bionic Chip ProcessorBrand Warranty for 1 Year,4.7
18,"APPLE iPhone 13 (Blue, 512 GB)","₹91,999",512 GB ROM15.49 cm (6.1 inch) Super Retina XDR Display12MP + 12MP | 12MP Front CameraA15 Bionic Chip ProcessorBrand Warranty for 1 Year,4.7
19,"SAMSUNG Galaxy Z Flip4 5G (Bora Purple, 256 GB)","₹94,999",8 GB RAM | 256 GB ROM17.02 cm (6.7 inch) Full HD+ Display12MP + 12MP | 10MP Front Camera3700 mAh Lithium Ion BatteryQualcomm Snapdragon 8+ Gen 1 Processor1 Year Manufacturer Warranty for Device and 6 Months Manufacturer Warranty for In-Box Accessories,3.7
20,"APPLE iPhone 13 ((PRODUCT)RED, 512 GB)","₹91,999",512 GB ROM15.49 cm (6.1 inch) Super Retina XDR Display12MP + 12MP | 12MP Front CameraA15 Bionic Chip ProcessorBrand Warranty for 1 Year,4.7
21,"SAMSUNG Galaxy S22 5G (Phantom White, 256 GB)","₹72,999",8 GB RAM | 256 GB ROM15.49 cm (6.1 inch) Full HD+ Display50MP + 12MP + 10MP | 10MP Front Camera3700 mAh Lithium-ion BatteryOcta Core Processor1 Year Manufacturer Warranty for Device and 6 Months Manufacturer Warranty for In-Box Accessories,4.3
22,"SAMSUNG Galaxy S22 5G (Green, 256 GB)","₹79,999",8 GB RAM | 256 GB ROM15.49 cm (6.1 inch) Full HD+ Display50MP + 12MP + 10MP | 10MP Front Camera3700 mAh Lithium-ion BatteryOcta Core Processor1 Year Manufacturer Warranty for Device and 6 Months Manufacturer Warranty for In-Box Accessories,4.3
23,"SAMSUNG Galaxy S22 Ultra 5G (Phantom White, 256 GB)","₹89,999",12 GB RAM | 256 GB ROM17.27 cm (6.8 inch) Quad HD+ Display108MP + 12MP + 10MP + 10MP | 40MP Front Camera5000 mAh Lithium-ion BatteryOcta Core Processor1 Year Manufacturer Warranty for Device and 6 Months Manufacturer Warranty for In-Box Accessories,4.2
24,"SAMSUNG Galaxy S22 Ultra 5G (Phantom White, 256 GB)","₹1,31,999",12 GB RAM | 256 GB ROM17.27 cm (6.8 inch) Quad HD+ Display108MP + 12MP + 10MP + 10MP | 40MP Front Camera5000 mAh Lithium-ion BatteryOcta Core Processor1 Year Manufacturer Warranty for Device and 6 Months Manufacturer Warranty for In-Box Accessories,4.2
25,"POCO C50 (Royal Blue, 32 GB)","₹5,999","2 GB RAM | 32 GB ROM | Expandable Upto 512 GB16.56 cm (6.52 inch) HD+ Display8MP Dual Camera | 5MP Front Camera5000 mAh Lithium Polymer BatteryMediatek Helio A22 Processor, Upto 2.0 GHz Processor1 Year Manufacturer Warranty for Phone and 6 Months Warranty for In the Box Accessories",4.2
26,"POCO C50 (Country Green, 32 GB)","₹5,999","2 GB RAM | 32 GB ROM | Expandable Upto 512 GB16.56 cm (6.52 inch) HD+ Display8MP Dual Camera | 5MP Front Camera5000 mAh Lithium Polymer BatteryMediatek Helio A22 Processor, Upto 2.0 GHz Processor1 Year Manufacturer Warranty for Phone and 6 Months Warranty for In the Box Accessories",4.2
27,"POCO M4 5G (Cool Blue, 64 GB)","₹12,999",4 GB RAM | 64 GB ROM | Expandable Upto 512 GB16.71 cm (6.58 inch) Full HD+ Display50MP + 2MP | 8MP Front Camera5000 mAh Lithium Ion Polymer BatteryMediatek Dimensity 700 Processor1 Year Warranty for Handset and 6 Months for Accessories,4.2
28,"POCO C51 (Royal Blue, 64 GB)","₹6,749",4 GB RAM | 64 GB ROM | Expandable Upto 1 TB16.56 cm (6.52 inch) HD+ Display8MP Dual Rear Camera | 5MP Front Camera5000 mAh BatteryHelio G36 Processor1 Year Manufacturer Warranty for Phone and 6 Months Warranty for in the Box Accessories,4.3
29,"POCO C55 (Forest Green, 64 GB)","₹9,499",4 GB RAM | 64 GB ROM | Expandable Upto 1 TB17.04 cm (6.71 inch) HD+ Display50MP Dual Rear Camera | 5MP Front Camera5000 mAh BatteryMediatek Helio G85 Processor1 Year Manufacturer Warranty for Phone and 6 Months Warranty for In the Box Accessories,4.2
30,"POCO C55 (Power Black, 64 GB)","₹9,499",4 GB RAM | 64 GB ROM | Expandable Upto 1 TB17.04 cm (6.71 inch) HD+ Display50MP Dual Rear Camera | 5MP Front Camera5000 mAh BatteryMediatek Helio G85 Processor1 Year Manufacturer Warranty for Phone and 6 Months Warranty for In the Box Accessories,4.2
31,"Infinix Smart 7 HD (Green Apple, 64 GB)","₹6,199","2 GB RAM | 64 GB ROM | Expandable Upto 1 TB16.76 cm (6.6 inch) HD+ Display8MP + AI Lens | 5MP Front Camera5000 mAh BatterySpreadtrum 
SC9863A1 Processor1 Year on Handset and 6 Months on Accessories",4.4
32,"POCO C51 (Power Black, 64 GB)","₹6,749",4 GB RAM | 64 GB ROM | Expandable Upto 1 TB16.56 cm (6.52 inch) HD+ Display8MP Dual Rear Camera | 5MP Front Camera5000 mAh BatteryHelio G36 Processor1 Year Manufacturer Warranty for Phone and 6 Months Warranty for in the Box Accessories,4.3
33,"REDMI A1+ (Light Blue, 32 GB)","₹6,599",3 GB RAM | 32 GB ROM | Expandable Upto 512 GB16.56 cm (6.52 inch) HD+ Display8MP Rear Camera | 5MP Front Camera5000 mAh Lithium Polymer BatteryMediatek Helio A22 Processor1 Year Manufacturer Warranty for Phone and 6 Months Warranty for in the Box Accessories,4.1
34,"POCO M4 5G (Power Black, 64 GB)","₹12,999",4 GB RAM | 64 GB ROM | Expandable Upto 512 GB16.71 cm (6.58 inch) Full HD+ Display50MP + 2MP | 8MP Front Camera5000 mAh Lithium Ion Polymer BatteryMediatek Dimensity 700 Processor1 Year Warranty for Handset and 6 Months for Accessories,4.2
35,"MOTOROLA e13 (Cosmic Black, 64 GB)","₹7,499",4 GB RAM | 64 GB ROM | Expandable Upto 1 TB16.51 cm (6.5 inch) HD+ Display13MP Rear Camera | 5MP Front Camera5000 mAh BatteryUnisoc T606 Processor1 Year on Handset and 6 Months on Accessories,4
36,"Infinix SMART 7 (Emerald Green, 64 GB)","₹7,299",4 GB RAM | 64 GB ROM | Expandable Upto 2 TB16.76 cm (6.6 inch) HD+ Display13MP + AI Lens | 5MP Front Camera6000 mAh BatteryUnisoc Spreadtrum SC9863A1 Processor1 Year on Handset and 6 Months on Accessories,4.3
37,"Infinix SMART 7 (Night Black, 64 GB)","₹7,299",4 GB RAM | 64 GB ROM | Expandable Upto 2 TB16.76 cm (6.6 inch) HD+ Display13MP + AI Lens | 5MP Front Camera6000 mAh BatteryUnisoc Spreadtrum SC9863A1 Processor1 Year on Handset and 6 Months on Accessories,4.3
38,"Infinix SMART 7 (Azure Blue, 64 GB)","₹7,299",4 GB RAM | 64 GB ROM | Expandable Upto 2 TB16.76 cm (6.6 inch) HD+ Display13MP + AI Lens | 5MP Front Camera6000 mAh BatteryUnisoc Spreadtrum SC9863A1 Processor1 Year on Handset and 6 Months on Accessories,4.3
39,"MOTOROLA G32 (Mineral Gray, 128 GB)","₹11,999",8 GB RAM | 128 GB ROM16.64 cm (6.55 inch) Full HD+ Display50MP + 8MP + 2MP | 16MP Front Camera5000 mAh BatteryQualcomm Snapdragon 680 Processor1 Year on Handset and 6 Months on Accessories,4.1
40,"vivo T2x 5G (Marine Blue, 128 GB)","₹15,999",8 GB RAM | 128 GB ROM16.71 cm (6.58 inch) Full HD+ Display50MP + 2MP | 8MP Front Camera5000 mAh BatteryDimensity 6020 Processor1 Year of Device & 6 Months for Inbox Accessories,4.4
41,"vivo T2x 5G (Aurora Gold, 128 GB)","₹15,999",8 GB RAM | 128 GB ROM16.71 cm (6.58 inch) Full HD+ Display50MP + 2MP | 8MP Front Camera5000 mAh BatteryDimensity 6020 Processor1 Year of Device & 6 Months for Inbox Accessories,4.4
42,"vivo T2x 5G (Glimmer Black, 128 GB)","₹15,999",8 GB RAM | 128 GB ROM16.71 cm (6.58 inch) Full HD+ Display50MP + 2MP | 8MP Front Camera5000 mAh BatteryDimensity 6020 Processor1 Year of Device & 6 Months for Inbox Accessories,4.4
43,"vivo T2x 5G (Aurora Gold, 128 GB)","₹12,999",4 GB RAM | 128 GB ROM16.71 cm (6.58 inch) Full HD+ Display50MP + 2MP | 8MP Front Camera5000 mAh BatteryDimensity 6020 Processor1 Year of Device & 6 Months for Inbox Accessories,4.5
44,"vivo T2x 5G (Marine Blue, 128 GB)","₹13,999",6 GB RAM | 128 GB ROM16.71 cm (6.58 inch) Full HD+ Display50MP + 2MP | 8MP Front Camera5000 mAh BatteryDimensity 6020 Processor1 Year of Device & 6 Months for Inbox Accessories,4.4
45,"vivo T2x 5G (Glimmer Black, 128 GB)","₹12,999",4 GB RAM | 128 GB ROM16.71 cm (6.58 inch) Full HD+ Display50MP + 2MP | 8MP Front Camera5000 mAh BatteryDimensity 6020 Processor1 Year of Device & 6 Months for Inbox Accessories,4.5
46,"vivo T2x 5G (Glimmer Black, 128 GB)","₹13,999",6 GB RAM | 128 GB ROM16.71 cm (6.58 inch) Full HD+ Display50MP + 2MP | 8MP Front Camera5000 mAh BatteryDimensity 6020 Processor1 Year of Device & 6 Months for Inbox Accessories,4.4
47,"vivo T2x 5G (Marine Blue, 128 GB)","₹12,999",4 GB RAM | 128 GB ROM16.71 cm (6.58 inch) Full HD+ Display50MP + 2MP | 8MP Front Camera5000 mAh BatteryDimensity 6020 Processor1 Year of Device & 6 Months for Inbox Accessories,4.5
48,"vivo T2x 5G (Aurora Gold, 128 GB)","₹13,999",6 GB RAM | 128 GB ROM16.71 cm (6.58 inch) Full HD+ Display50MP + 2MP | 8MP Front Camera5000 mAh BatteryDimensity 6020 Processor1 Year of Device & 6 Months for Inbox Accessories,4.4
49,"POCO C55 (Cool Blue, 128 GB)","₹10,999",6 GB RAM | 128 GB ROM | Expandable Upto 1 TB17.04 cm (6.71 inch) HD+ Display50MP Dual Rear Camera | 5MP Front Camera5000 mAh BatteryMediatek Helio G85 Processor1 Year Manufacturer Warranty for Phone and 6 Months Warranty for In the Box Accessories,4.1
50,"Infinix HOT 30i (Mirror Black, 128 GB)","₹8,999",8 GB RAM | 128 GB ROM | Expandable Upto 1 TB16.76 cm (6.6 inch) HD+ Display50MP + AI Lens | 5MP Front Camera5000 mAh BatteryG37 Processor1 Year on Handset and 6 Months on Accessories,4.3
51,"Infinix HOT 30i (Glacier Blue, 128 GB)","₹8,999",8 GB RAM | 128 GB ROM | Expandable Upto 1 TB16.76 cm (6.6 inch) HD+ Display50MP + AI Lens | 5MP Front Camera5000 mAh BatteryG37 Processor1 Year on Handset and 6 Months on Accessories,4.3
52,"Infinix HOT 30i (Marigold, 128 GB)","₹8,999",8 GB RAM | 128 GB ROM | Expandable Upto 1 TB16.76 cm (6.6 inch) HD+ Display50MP + AI Lens | 5MP Front Camera5000 mAh BatteryG37 Processor1 Year on Handset and 6 Months on Accessories,4.3
53,"Infinix HOT 30i (Diamond White, 128 GB)","₹8,999",8 GB RAM | 128 GB ROM | Expandable Upto 1 TB16.76 cm (6.6 inch) HD+ Display50MP + AI Lens | 5MP Front Camera5000 mAh BatteryG37 Processor1 Year on Handset and 6 Months on Accessories,4.3
54,"Infinix HOT 30i (Diamond White, 64 GB)","₹7,999",4 GB RAM | 64 GB ROM | Expandable Upto 1 TB16.76 cm (6.6 inch) HD+ Display50MP + AI Lens | 5MP Front Camera5000 mAh BatteryG37 Processor1 Year on Handset and 6 Months on Accessories,4.3
55,"Infinix HOT 30i (Marigold, 64 GB)","₹7,999",4 GB RAM | 64 GB ROM | Expandable Upto 1 TB16.76 cm (6.6 inch) HD+ Display50MP + AI Lens | 5MP Front Camera5000 mAh BatteryG37 Processor1 Year on Handset and 6 Months on Accessories,4.3
56,"Infinix HOT 30i (Mirror Black, 64 GB)","₹7,999",4 GB RAM | 64 GB ROM | Expandable Upto 1 TB16.76 cm (6.6 inch) HD+ Display50MP + AI Lens | 5MP Front Camera5000 mAh BatteryG37 Processor1 Year on Handset and 6 Months on Accessories,4.3
57,"Infinix HOT 30i (Glacier Blue, 64 GB)","₹7,999",4 GB RAM | 64 GB ROM | Expandable Upto 1 TB16.76 cm (6.6 inch) HD+ Display50MP + AI Lens | 5MP Front Camera5000 mAh BatteryG37 Processor1 Year on Handset and 6 Months on Accessories,4.3
58,"MOTOROLA g13 (Lavender Blue, 128 GB)","₹9,999",4 GB RAM | 128 GB ROM | Expandable Upto 1 TB16.51 cm (6.5 inch) HD+ Display50MP + 2MP + 2MP | 8MP Front Camera5000 mAh BatteryHelio G85 Processor1 Year on Handset and 6 Months on Accessories,3.9
59,"REDMI 10 (Shadow Black, 64 GB)","₹9,499",4 GB RAM | 64 GB ROM | Expandable Upto 1 TB17.02 cm (6.7 inch) HD+ Display50MP + 2MP | 5MP Front Camera6000 mAh Lithium Polymer BatteryQualcomm Snapdragon 680 Processor1 Year Warranty for Phone and 6 Months Warranty for In-Box Accessories,4.3
60,"OnePlus Nord CE 2 Lite 5G (Blue Tide, 128 GB)","₹17,907",6 GB RAM | 128 GB ROM16.74 cm (6.59 inch) Display64MP Rear Camera5000 mAh Battery12 Months,4.4
61,"REDMI A1+ (Light Green, 32 GB)","₹6,599",3 GB RAM | 32 GB ROM | Expandable Upto 512 GB16.56 cm (6.52 inch) HD+ Display8MP Rear Camera | 5MP Front Camera5000 mAh Lithium Polymer BatteryMediatek Helio A22 Processor1 Year Manufacturer Warranty for Phone and 6 Months Warranty for in the Box Accessories,4.1
62,"MOTOROLA e32 (Arctic Blue, 64 GB)","₹7,999",4 GB RAM | 64 GB ROM | Expandable Upto 1 TB16.51 cm (6.5 inch) HD+ Display50MP + 2MP | 8MP Front Camera5000 mAh BatteryMediatek Helio G37 Processor1 Year on Handset and 6 Months on Accessories,3.9
63,"POCO M5 (Icy Blue, 64 GB)","₹8,999","4 GB RAM | 64 GB ROM | Expandable Upto 512 GB16.71 cm (6.58 inch) Full HD+ Display50MP + 2MP Depth Sensor + 2MP Macro Sensor | 8MP Front Camera5000 mAh Lithium-ion Polymer BatteryMediatek Helio G99 Processor1 Year for Handset, 6 Months for Accessories",4.2
64,"REDMI 10 (Caribbean Green, 128 GB)","₹10,999",6 GB RAM | 128 GB ROM | Expandable Upto 1 TB17.02 cm (6.7 inch) HD+ Display50MP + 2MP | 5MP Front Camera6000 mAh Lithium Polymer BatteryQualcomm Snapdragon 680 Processor1 Year Warranty for Phone and 6 Months Warranty for In-Box Accessories,4.2
65,"POCO C50 (Country Green, 32 GB)","₹6,199","3 GB RAM | 32 GB ROM | Expandable Upto 512 GB16.56 cm (6.52 inch) HD+ Display8MP Dual Camera | 5MP Front Camera5000 mAh Lithium Polymer BatteryMediatek Helio A22 Processor, Upto 2.0 GHz Processor1 Year Manufacturer Warranty for Phone and 6 Months Warranty for In the Box Accessories",4
66,"REDMI A1+ (Black, 32 GB)","₹6,599",3 GB RAM | 32 GB ROM | Expandable Upto 512 GB16.56 cm (6.52 inch) HD+ Display8MP Rear Camera | 5MP Front Camera5000 mAh Lithium Polymer BatteryMediatek Helio A22 Processor1 Year Manufacturer Warranty for Phone and 6 Months Warranty for in the Box Accessories,4.1
67,"POCO C55 (Cool Blue, 64 GB)","₹9,499",4 GB RAM | 64 GB ROM | Expandable Upto 1 TB17.04 cm (6.71 inch) HD+ Display50MP Dual Rear Camera | 5MP Front Camera5000 mAh BatteryMediatek Helio G85 Processor1 Year Manufacturer Warranty for Phone and 6 Months Warranty for In the Box Accessories,4.2
68,"POCO C50 (Royal Blue, 32 GB)","₹6,199","3 GB RAM | 32 GB ROM | Expandable Upto 512 GB16.56 cm (6.52 inch) HD+ Display8MP Dual Camera | 5MP Front Camera5000 mAh Lithium Polymer BatteryMediatek Helio A22 Processor, Upto 2.0 GHz Processor1 Year Manufacturer Warranty for Phone and 6 Months Warranty for In the Box Accessories",4
69,"POCO C55 (Power Black, 128 GB)","₹10,999",6 GB RAM | 128 GB ROM | Expandable Upto 1 TB17.04 cm (6.71 inch) HD+ Display50MP Dual Rear Camera | 5MP Front Camera5000 mAh BatteryMediatek Helio G85 Processor1 Year Manufacturer Warranty for Phone and 6 Months Warranty for In the Box Accessories,4.1
70,"POCO C55 (Forest Green, 128 GB)","₹10,999",6 GB RAM | 128 GB ROM | Expandable Upto 1 TB17.04 cm (6.71 inch) HD+ Display50MP Dual Rear Camera | 5MP Front Camera5000 mAh BatteryMediatek Helio G85 Processor1 Year Manufacturer Warranty for Phone and 6 Months Warranty for In the Box Accessories,4.1
71,"MOTOROLA e32 (Eco Black, 64 GB)","₹7,999",4 GB RAM | 64 GB ROM | Expandable Upto 1 TB16.51 cm (6.5 inch) HD+ Display50MP + 2MP | 8MP Front Camera5000 mAh BatteryMediatek Helio G37 Processor1 Year on Handset and 6 Months on Accessories,3.9
72,"POCO C55 (Power Black, 128 GB)","₹10,999",6 GB RAM | 128 GB ROM | Expandable Upto 1 TB17.04 cm (6.71 inch) HD+ Display50MP Dual Rear Camera | 5MP Front Camera5000 mAh BatteryMediatek Helio G85 Processor1 Year Manufacturer Warranty for Phone and 6 Months Warranty for In the Box Accessories,4.1
73,"MOTOROLA e32 (Eco Black, 64 GB)","₹7,999",4 GB RAM | 64 GB ROM | Expandable Upto 1 TB16.51 cm (6.5 inch) HD+ Display50MP + 2MP | 8MP Front Camera5000 mAh BatteryMediatek Helio G37 Processor1 Year on Handset and 6 Months on Accessories,3.9
74,"APPLE iPhone 13 (Starlight, 128 GB)","₹61,999",128 GB ROM15.49 cm (6.1 inch) Super Retina XDR Display12MP + 12MP | 12MP Front CameraA15 Bionic Chip ProcessorBrand Warranty for 1 Year,4.7
75,"MOTOROLA g13 (Matte Charcoal, 128 GB)","₹9,999",4 GB RAM | 128 GB ROM | Expandable Upto 1 TB16.51 cm (6.5 inch) HD+ Display50MP + 2MP + 2MP | 8MP Front Camera5000 mAh BatteryHelio G85 Processor1 Year on Handset and 6 Months on Accessories,3.9
76,"MOTOROLA G32 (Satin Silver, 128 GB)","₹11,999",8 GB RAM | 128 GB ROM16.64 cm (6.55 inch) Full HD+ Display50MP + 8MP + 2MP | 16MP Front Camera5000 mAh BatteryQualcomm Snapdragon 680 Processor1 Year on Handset and 6 Months on Accessories,4.1
77,"POCO M5 (Power Black, 64 GB)","₹8,999","4 GB RAM | 64 GB ROM | Expandable Upto 512 GB16.71 cm (6.58 inch) Full HD+ Display50MP + 2MP Depth Sensor + 2MP Macro Sensor | 8MP Front Camera5000 mAh Lithium-ion Polymer BatteryMediatek Helio G99 Processor1 Year for Handset, 6 Months for Accessories",4.2
78,"MOTOROLA G62 5G (Frosted Blue, 128 GB)","₹15,499",6 GB RAM | 128 GB ROM16.64 cm (6.55 inch) Full HD+ Display50MP + 8MP + 2MP | 16MP Front Camera5000 mAh Lithium Polymer BatteryQualcomm Snapdragon 695 5G Processor1 Year on Handset and 6 Months on Accessories,4.1
79,"REDMI 10 (Sunrise Orange, 64 GB)","₹9,499",4 GB RAM | 64 GB ROM | Expandable Upto 1 TB17.02 cm (6.7 inch) HD+ Display50MP + 2MP | 5MP Front Camera6000 mAh Lithium Polymer BatteryQualcomm Snapdragon 680 Processor1 Year Warranty for Phone and 6 Months Warranty for In-Box Accessories,4.3
80,"realme C55 (Sunshower, 64 GB)","₹10,999",4 GB RAM | 64 GB ROM | Expandable Upto 1 TB17.07 cm (6.72 inch) Full HD+ Display64MP + 2MP | 8MP Front Camera5000 mAh BatteryHelio G88 Processor1 Year Manufacturer Warranty for Phone and 6 Months Warranty for In the Box Accessories,4.4
81,"realme C55 (Rainforest, 128 GB)","₹13,999",8 GB RAM | 128 GB ROM | Expandable Upto 1 TB17.07 cm (6.72 inch) Full HD+ Display64MP + 2MP | 8MP Front Camera5000 mAh BatteryHelio G88 Processor1 Year Manufacturer Warranty for Phone and 6 Months Warranty for In the Box Accessories,4.4
82,"realme C55 (Rainy Night, 64 GB)","₹11,999",6 GB RAM | 64 GB ROM | Expandable Upto 1 TB17.07 cm (6.72 inch) Full HD+ Display64MP + 2MP | 8MP Front Camera5000 mAh BatteryHelio G88 Processor1 Year Manufacturer Warranty for Phone and 6 Months Warranty for In the Box Accessories,4.3
83,"realme C55 (Sunshower, 128 GB)","₹13,999",8 GB RAM | 128 GB ROM | Expandable Upto 1 TB17.07 cm (6.72 inch) Full HD+ Display64MP + 2MP | 8MP Front Camera5000 mAh BatteryHelio G88 Processor1 Year Manufacturer Warranty for Phone and 6 Months Warranty for In the Box Accessories,4.4
84,"realme C55 (Sunshower, 64 GB)","₹11,999",6 GB RAM | 64 GB ROM | Expandable Upto 1 TB17.07 cm (6.72 inch) Full HD+ Display64MP + 2MP | 8MP Front Camera5000 mAh BatteryHelio G88 Processor1 Year Manufacturer Warranty for Phone and 6 Months Warranty for In the Box Accessories,4.3
85,"realme C55 (Rainforest, 64 GB)","₹11,999",6 GB RAM | 64 GB ROM | Expandable Upto 1 TB17.07 cm (6.72 inch) Full HD+ Display64MP + 2MP | 8MP Front Camera5000 mAh BatteryHelio G88 Processor1 Year Manufacturer Warranty for Phone and 6 Months Warranty for In the Box Accessories,4.3
86,"realme C55 (Rainy Night, 128 GB)","₹13,999",8 GB RAM | 128 GB ROM | Expandable Upto 1 TB17.07 cm (6.72 inch) Full HD+ Display64MP + 2MP | 8MP Front Camera5000 mAh BatteryHelio G88 Processor1 Year Manufacturer Warranty for Phone and 6 Months Warranty for In the Box Accessories,4.4
87,"realme C55 (Rainy Night, 64 GB)","₹10,999",4 GB RAM | 64 GB ROM | Expandable Upto 1 TB17.07 cm (6.72 inch) Full HD+ Display64MP + 2MP | 8MP Front Camera5000 mAh BatteryHelio G88 Processor1 Year Manufacturer Warranty for Phone and 6 Months Warranty for In the Box Accessories,4.4
88,"realme C55 (Rainforest, 64 GB)","₹10,999",4 GB RAM | 64 GB ROM | Expandable Upto 1 TB17.07 cm (6.72 inch) Full HD+ Display64MP + 2MP | 8MP Front Camera5000 mAh BatteryHelio G88 Processor1 Year Manufacturer Warranty for Phone and 6 Months Warranty for In the Box Accessories,4.4
89,"OnePlus Nord CE 2 Lite 5G (Black Dusk, 128 GB)","₹17,928",6 GB RAM | 128 GB ROM16.74 cm (6.59 inch) Display64MP Rear Camera5000 mAh Battery12 months,4.4
90,"MOTOROLA G62 5G (Midnight Gray, 128 GB)","₹15,499",6 GB RAM | 128 GB ROM16.64 cm (6.55 inch) Full HD+ Display50MP + 8MP + 2MP | 16MP Front Camera5000 mAh Lithium Polymer BatteryQualcomm Snapdragon 695 5G Processor1 Year on Handset and 6 Months on Accessories,4.1
91,"REDMI A1+ (Light Blue, 32 GB)","₹6,299",2 GB RAM | 32 GB ROM | Expandable Upto 512 GB16.56 cm (6.52 inch) HD+ Display8MP Rear Camera | 5MP Front Camera5000 mAh Lithium Polymer BatteryMediatek Helio A22 Processor1 Year Manufacturer Warranty for Phone and 6 Months Warranty for in the Box Accessories,4.2
92,"REDMI 11 Prime (Flashy Black, 128 GB)","₹10,999",6 GB RAM | 128 GB ROM | Expandable Upto 512 GB16.71 cm (6.58 inch) Full HD+ Display50MP + 2MP + 2MP | 8MP Front Camera5000 mAh BatteryHelio G99 Processor1 Year Manufacturer Warranty for Phone and 6 Months Warranty for In the Box Accessories,4.2
93,"REDMI 11 Prime (Peppy Purple, 128 GB)","₹10,999",6 GB RAM | 128 GB ROM | Expandable Upto 512 GB16.71 cm (6.58 inch) Full HD+ Display50MP + 2MP + 2MP | 8MP Front Camera5000 mAh BatteryHelio G99 Processor1 Year Manufacturer Warranty for Phone and 6 Months Warranty for In the Box Accessories,4.2
94,"POCO M5 (Yellow, 64 GB)","₹8,999","4 GB RAM | 64 GB ROM | Expandable Upto 512 GB16.71 cm (6.58 inch) Full HD+ Display50MP + 2MP Depth Sensor + 2MP Macro Sensor | 8MP Front Camera5000 mAh Lithium-ion Polymer BatteryMediatek Helio G99 Processor1 Year for Handset, 6 Months for Accessories",4.2
95,Nokia 105 TA-1459 DS,"₹1,449",32 MB RAM | 32 MB ROM4.5 cm (1.77 inch) QVGA Display0MP Front Camera800 mAh Lithium Ion BatterySC6531E Processor1 Year Manufacturer Warranty for Device and 6 Months Manufacturer Warranty for In-box Accessories Including Battery from the Date of Purchase,4.1
96,"MOTOROLA g73 5G (Midnight Blue, 128 GB)","₹16,999",8 GB RAM | 128 GB ROM | Expandable Upto 1 TB16.51 cm (6.5 inch) Full HD+ Display50MP + 8MP | 16MP Front Camera5000 mAh BatteryMediatek Dimensity 930 Processor1 Year Manufacturer Warranty for Phone and 6 Months Warranty for In the Box Accessories,3.9
97,"vivo T2 5G (Nitro Blaze, 128 GB)","₹20,999",8 GB RAM | 128 GB ROM16.21 cm (6.38 inch) Full HD+ Display64 MP (OIS) + 2MP | 16MP Front Camera4500 mAh BatterySnapdragon 695 Processor1 Year of Device & 6 Months for Inbox Accessories,4.4
98,"vivo T2 5G (Velocity Wave, 128 GB)","₹20,999",8 GB RAM | 128 GB ROM16.21 cm (6.38 inch) Full HD+ Display64 MP (OIS) + 2MP | 16MP Front Camera4500 mAh BatterySnapdragon 695 Processor1 Year of Device & 6 Months for Inbox Accessories,4.4
99,"SAMSUNG Galaxy F14 5G (GOAT Green, 128 GB)","₹14,490","6 GB RAM | 128 GB ROM | Expandable Upto 1 TB16.76 cm (6.6 inch) Full HD+ Display50MP + 2MP | 13MP Front Camera6000 mAh BatteryExynos 1330, Octa Core Processor1 Year Manufacturer Warranty for Device and 6 Months Manufacturer Warranty for In-Box Accessories",4.2
100,"vivo T2 5G (Nitro Blaze, 128 GB)","₹18,999",6 GB RAM | 128 GB ROM16.21 cm (6.38 inch) Full HD+ Display64 MP (OIS) + 2MP | 16MP Front Camera4500 mAh BatterySnapdragon 695 Processor1 Year of Device & 6 Months for Inbox Accessories,4.4
101,"vivo T2 5G (Velocity Wave, 128 GB)","₹18,999",6 GB RAM | 128 GB ROM16.21 cm (6.38 inch) Full HD+ Display64 MP (OIS) + 2MP | 16MP Front Camera4500 mAh BatterySnapdragon 695 Processor1 Year of Device & 6 Months for Inbox Accessories,4.4
102,"SAMSUNG Galaxy M04 (Dark Blue, 64 GB)","₹8,280",4 GB RAM | 64 GB ROM | Expandable Upto 1 TB16.51 cm (6.5 inch) HD+ Display13MP + 2MP | 5MP Front Camera5000 mAh BatteryMediaTek Helio P35 Processor1 year manufacturer warranty for device and 6 months manufacturer warranty for in-box accessories including batteries from the date of purchase,4.1
103,GFive U220i,₹699,32 MB RAM | 32 MB ROM | Expandable Upto 16 GB4.57 cm (1.8 inch) Display0.3MP Rear Camera1000 mAh Battery1 Year Manufacturer warranty.,3.5
104,"SAMSUNG Galaxy F14 5G (OMG Black, 128 GB)","₹14,490","6 GB RAM | 128 GB ROM | Expandable Upto 1 TB16.76 cm (6.6 inch) Full HD+ Display50MP + 2MP | 13MP Front Camera6000 mAh BatteryExynos 1330, Octa Core Processor1 Year Manufacturer Warranty for Device and 6 Months Manufacturer Warranty for In-Box Accessories",4.2
105,GFive U220i,₹699,32 MB RAM | 32 MB ROM | Expandable Upto 16 GB4.57 cm (1.8 inch) Display0.3MP Rear Camera1000 mAh Battery1 Year Manufacturer warranty.,3.5
106,"realme C33 2023 (Night Sea, 128 GB)","₹10,499",4 GB RAM | 128 GB ROM | Expandable Upto 1 TB16.51 cm (6.5 inch) HD+ Display50MP + 0.3MP | 5MP Front Camera5000 mAh Lithium Ion BatteryUnisoc T612 Processor1 Year Manufacturer Warranty for Phone and 6 Months Warranty for In-Box Accessories,4.4
107,"realme C33 2023 (Sandy Gold, 128 GB)","₹10,499",4 GB RAM | 128 GB ROM | Expandable Upto 1 TB16.51 cm (6.5 inch) HD+ Display50MP + 0.3MP | 5MP Front Camera5000 mAh Lithium Ion BatteryUnisoc T612 Processor1 Year Manufacturer Warranty for Phone and 6 Months Warranty for In-Box Accessories,4.4
108,"realme C33 2023 (Aqua Blue, 128 GB)","₹10,499",4 GB RAM | 128 GB ROM | Expandable Upto 1 TB16.51 cm (6.5 inch) HD+ Display50MP + 0.3MP | 5MP Front Camera5000 mAh Lithium Ion BatteryUnisoc T612 Processor1 Year Manufacturer Warranty for Phone and 6 Months Warranty for In-Box Accessories,4.4
109,"POCO X5 5G (Jaguar Black, 128 GB)","₹16,999",6 GB RAM | 128 GB ROM | Expandable Upto 1 TB16.94 cm (6.67 inch) Full HD+ Display48MP + 8MP + 2MP | 13MP Front Camera5000 mAh BatteryQualcomm Snapdragon 695 Processor1 Year Manufacturer Warranty for Phone and 6 Months Warranty for In the Box Accessories,4.1
110,"APPLE iPhone 13 (Pink, 128 GB)","₹61,999",128 GB ROM15.49 cm (6.1 inch) Super Retina XDR Display12MP + 12MP | 12MP Front CameraA15 Bionic Chip ProcessorBrand Warranty for 1 Year,4.7
111,"REDMI A1+ (Black, 32 GB)","₹6,299",2 GB RAM | 32 GB ROM | Expandable Upto 512 GB16.56 cm (6.52 inch) HD+ Display8MP Rear Camera | 5MP Front Camera5000 mAh Lithium Polymer BatteryMediatek Helio A22 Processor1 Year Manufacturer Warranty for Phone and 6 Months Warranty for in the Box Accessories,4.2
112,"POCO M4 5G (Yellow, 128 GB)","₹14,999",6 GB RAM | 128 GB ROM | Expandable Upto 512 GB16.71 cm (6.58 inch) Full HD+ Display50MP + 2MP | 8MP Front Camera5000 mAh Lithium Ion Polymer BatteryMediatek Dimensity 700 Processor1 Year Warranty for Handset and 6 Months for Accessories,4.2
113,"POCO M5 (Icy Blue, 128 GB)","₹10,999","6 GB RAM | 128 GB ROM | Expandable Upto 512 GB16.71 cm (6.58 inch) Full HD+ Display50MP + 2MP Depth Sensor + 2MP Macro Sensor | 8MP Front Camera5000 mAh Lithium-ion Polymer BatteryMediatek Helio G99 Processor1 Year for Handset, 6 Months for Accessories",4.2
114,"realme C30 (Lake Blue, 32 GB)","₹6,499",3 GB RAM | 32 GB ROM | Expandable Upto 1 TB16.51 cm (6.5 inch) HD+ Display8MP Rear Camera | 5MP Front Camera5000 mAh Lithium Ion BatteryUnisoc T612 Processor1 Year Manufacturer Warranty for Phone and 6 Months Warranty for In-Box Accessories,4.1
115,"realme C30 (Bamboo Green, 32 GB)","₹6,499",3 GB RAM | 32 GB ROM | Expandable Upto 1 TB16.51 cm (6.5 inch) HD+ Display8MP Rear Camera | 5MP Front Camera5000 mAh Lithium Ion BatteryUnisoc T612 Processor1 Year Manufacturer Warranty for Phone and 6 Months Warranty for In-Box Accessories,4.1
116,"realme C30 (Denim Black, 32 GB)","₹5,999",2 GB RAM | 32 GB ROM | Expandable Upto 1 TB16.51 cm (6.5 inch) HD+ Display8MP Rear Camera | 5MP Front Camera5000 mAh Lithium Ion BatteryUnisoc T612 Processor1 Year Manufacturer Warranty for Phone and 6 Months Warranty for In-Box Accessories,4.2
117,"MOTOROLA G62 5G (Midnight Gray, 128 GB)","₹16,499",8 GB RAM | 128 GB ROM41.94 cm (16.51 cm) Full HD+ Display50MP + 8MP + 2MP | 16MP Front Camera5000 mAh Lithium Polymer BatteryQualcomm Snapdragon 695 5G Processor1 Year on Handset and 6 Months on Accessories,4.1
118,"APPLE iPhone 11 Pro Max (Space Grey, 64 GB)","₹95,699",64 GB ROM16.51 cm (6.5 inch) Super Retina XDR Display12MP + 12MP + 12MP | 12MP Front CameraA13 Bionic Chip ProcessorBrand Warranty for 1 Year,4.7
119,"OnePlus Nord CE 2 Lite 5G (Blue Tide, 128 GB)","₹21,974",8 GB RAM | 128 GB ROM16.74 cm (6.59 inch) Display64MP Rear Camera5000 mAh Battery12 months,4.3
120,"realme C30 (Denim Black, 32 GB)","₹6,499",3 GB RAM | 32 GB ROM | Expandable Upto 1 TB16.51 cm (6.5 inch) HD+ Display8MP Rear Camera | 5MP Front Camera5000 mAh Lithium Ion BatteryUnisoc T612 Processor1 Year Manufacturer Warranty for Phone and 6 Months Warranty for In-Box Accessories,4.1
121,"MOTOROLA G62 5G (Frosted Blue, 128 GB)","₹16,499",8 GB RAM | 128 GB ROM41.94 cm (16.51 cm) Full HD+ Display50MP + 8MP + 2MP | 16MP Front Camera5000 mAh Lithium Polymer BatteryQualcomm Snapdragon 695 5G Processor1 Year on Handset and 6 Months on Accessories,4.1
122,"MOTOROLA e13 (Aurora Green, 64 GB)","₹7,499",4 GB RAM | 64 GB ROM | Expandable Upto 1 TB16.51 cm (6.5 inch) HD+ Display13MP Rear Camera | 5MP Front Camera5000 mAh BatteryUnisoc T606 Processor1 Year on Handset and 6 Months on Accessories,4
123,"SAMSUNG Galaxy M04 (Light Green, 64 GB)","₹8,640",4 GB RAM | 64 GB ROM16.51 cm (6.5 inch) HD+ Display13MP + 2MP | 5MP Front Camera5000 mAh BatteryMediaTek Helio P35 Processor1 year manufacturer warranty for device and 6 months manufacturer warranty for in-box accessories including batteries from the date of purchase,4.1
124,"REDMI 11 Prime (Flashy Black, 64 GB)","₹9,999",4 GB RAM | 64 GB ROM | Expandable Upto 512 GB16.71 cm (6.58 inch) Full HD+ Display50MP + 2MP + 2MP | 8MP Front Camera5000 mAh BatteryHelio G99 Processor1 Year Manufacturer Warranty for Phone and 6 Months Warranty for In the Box Accessories,4.3
125,"POCO M4 Pro (Yellow, 128 GB)","₹13,999","8 GB RAM | 128 GB ROM | Expandable Upto 1 TB16.33 cm (6.43 inch) Full HD+ AMOLED Display64MP + 8MP + 2MP | 16MP Front Camera5000 mAh Lithium-ion Polymer BatteryMediatek Helio G96 ProcessorOne Year for Handset, 6 Months for Accessories",4.2
126,"realme 10 (Clash White, 128 GB)","₹15,499",8 GB RAM | 128 GB ROM | Expandable Upto 1 TB16.26 cm (6.4 inch) Full HD+ Display50MP + 2MP | 16MP Front Camera5000 mAh BatteryMediatek Helio G99 Octa Core Processor1 Year Manufacturer Warranty for Phone and 6 Months Warranty for In-Box Accessories,4.3
127,DIZO Star 500,"₹1,680",32 MB RAM | 32 MB ROM | Expandable Upto 64 GB7.11 cm (2.8 inch) QVGA Display0.3MP Rear Camera1900 mAh BatterySC6531E Processor1 Year Warranty,3.9
128,"realme 10 (Rush Black, 64 GB)","₹11,999",4 GB RAM | 64 GB ROM | Expandable Upto 1 TB16.26 cm (6.4 inch) Full HD+ Display50MP + 2MP | 16MP Front Camera5000 mAh BatteryMediatek Helio G99 Octa Core Processor1 Year Manufacturer Warranty for Phone and 6 Months Warranty for In-Box Accessories,4.3
129,"SAMSUNG Galaxy M04 (Dark Blue, 64 GB)","₹8,280",4 GB RAM | 64 GB ROM | Expandable Upto 1 TB16.51 cm (6.5 inch) HD+ Display13MP + 2MP | 5MP Front Camera5000 mAh BatteryMediaTek Helio P35 Processor1 year manufacturer warranty for device and 6 months manufacturer warranty for in-box accessories including batteries from the date of purchase,4.1
130,"REDMI 11 Prime (Playful Green, 128 GB)","₹10,999",6 GB RAM | 128 GB ROM | Expandable Upto 512 GB16.71 cm (6.58 inch) Full HD+ Display50MP + 2MP + 2MP | 8MP Front Camera5000 mAh BatteryHelio G99 Processor1 Year Manufacturer Warranty for Phone and 6 Months Warranty for In the Box Accessories,4.2
131,"SAMSUNG Galaxy F04 (Opal Green, 64 GB)","₹8,499",4 GB RAM | 64 GB ROM | Expandable Upto 1 TB16.51 cm (6.5 inch) HD Display13MP + 2MP | 5MP Front Camera5000 mAh Lithium-Ion BatteryMediatek Helio P35 Processor1 Year Manufacturer Warranty for Device and 6 Months Manufacturer Warranty for In-Box Accessories,4.2
132,"MOTOROLA g73 5G (Lucent White, 128 GB)","₹16,999",8 GB RAM | 128 GB ROM | Expandable Upto 1 TB16.51 cm (6.5 inch) Full HD+ Display50MP + 8MP | 16MP Front Camera5000 mAh BatteryMediatek Dimensity 930 Processor1 Year Manufacturer Warranty for Phone and 6 Months Warranty for In the Box Accessories,3.9
133,"REDMI 11 Prime (Peppy Purple, 64 GB)","₹9,999",4 GB RAM | 64 GB ROM | Expandable Upto 512 GB16.71 cm (6.58 inch) Full HD+ Display50MP + 2MP + 2MP | 8MP Front Camera5000 mAh BatteryHelio G99 Processor1 Year Manufacturer Warranty for Phone and 6 Months Warranty for In the Box Accessories,4.3
134,"REDMI 10 (Pacific Blue, 128 GB)","₹10,999",6 GB RAM | 128 GB ROM | Expandable Upto 1 TB17.02 cm (6.7 inch) HD+ Display50MP + 2MP | 5MP Front Camera6000 mAh Lithium Polymer BatteryQualcomm Snapdragon 680 Processor1 Year Warranty for Phone and 6 Months Warranty for In-Box Accessories,4.2
135,"SAMSUNG Galaxy F13 (Waterfall Blue, 128 GB)","₹11,999",4 GB RAM | 128 GB ROM | Expandable Upto 1 TB16.76 cm (6.6 inch) Full HD+ Display50MP + 5MP + 2MP | 8MP Front Camera6000 mAh Lithium Ion BatteryExynos 850 Processor1 Year Warranty Provided By the Manufacturer from Date of Purchase,4.3
136,"realme 10 (Clash White, 64 GB)","₹11,999",4 GB RAM | 64 GB ROM | Expandable Upto 1 TB16.26 cm (6.4 inch) Full HD+ Display50MP + 2MP | 16MP Front Camera5000 mAh BatteryMediatek Helio G99 Octa Core Processor1 Year Manufacturer Warranty for Phone and 6 Months Warranty for In-Box Accessories,4.3
137,GFive A2,₹749,32 MB RAM | 32 MB ROM | Expandable Upto 16 GB4.57 cm (1.8 inch) Display0.3MP Rear Camera1000 mAh Battery1 Year Manufacturer warranty.,3.6
138,"realme 10 (Rush Black, 128 GB)","₹15,499",8 GB RAM | 128 GB ROM | Expandable Upto 1 TB16.26 cm (6.4 inch) Full HD+ Display50MP + 2MP | 16MP Front Camera5000 mAh BatteryMediatek Helio G99 Octa Core Processor1 Year Manufacturer Warranty for Phone and 6 Months Warranty for In-Box Accessories,4.3
139,"POCO M5 (Yellow, 128 GB)","₹10,999","6 GB RAM | 128 GB ROM | Expandable Upto 512 GB16.71 cm (6.58 inch) Full HD+ Display50MP + 2MP Depth Sensor + 2MP Macro Sensor | 8MP Front Camera5000 mAh Lithium-ion Polymer BatteryMediatek Helio G99 Processor1 Year for Handset, 6 Months for Accessories",4.2
140,"REDMI A1+ (Light Green, 32 GB)","₹6,299",2 GB RAM | 32 GB ROM | Expandable Upto 512 GB16.56 cm (6.52 inch) HD+ Display8MP Rear Camera | 5MP Front Camera5000 mAh Lithium Polymer BatteryMediatek Helio A22 Processor1 Year Manufacturer Warranty for Phone and 6 Months Warranty for in the Box Accessories,4.2
141,"Infinix Smart 7 HD (Silk Blue, 64 GB)","₹6,199","2 GB RAM | 64 GB ROM | Expandable Upto 1 TB16.76 cm (6.6 inch) HD+ Display8MP + AI Lens | 5MP Front Camera5000 mAh BatterySpreadtrum 
SC9863A1 Processor1 Year on Handset and 6 Months on Accessories",4.4
142,"Infinix Smart 7 HD (Ink Black, 64 GB)","₹6,199","2 GB RAM | 64 GB ROM | Expandable Upto 1 TB16.76 cm (6.6 inch) HD+ Display8MP + AI Lens | 5MP Front Camera5000 mAh BatterySpreadtrum 
SC9863A1 Processor1 Year on Handset and 6 Months on Accessories",4.4
143,Good One G5605,₹999,32 MB RAM | 32 MB ROM | Expandable Upto 32 GB4.57 cm (1.8 inch) Display2MP Rear Camera2500 mAh Battery12 Months Warranty,3.9
144,"POCO M5 (Power Black, 128 GB)","₹10,999","6 GB RAM | 128 GB ROM | Expandable Upto 512 GB16.71 cm (6.58 inch) Full HD+ Display50MP + 2MP Depth Sensor + 2MP Macro Sensor | 8MP Front Camera5000 mAh Lithium-ion Polymer BatteryMediatek Helio G99 Processor1 Year for Handset, 6 Months for Accessories",4.2
145,LAVA A3,"₹1,275",4 MB RAM | 3 MB ROM | Expandable Upto 32 GB4.5 cm (1.77 inch) Display0.3MP Rear Camera | 0.3MP Front Camera1750 mAh Battery1 year manufacturer Replacement for device and 6 months manufacturer warranty for in-box accessories including batteries from the date of purchase,4.2
146,GFive U220+,₹725,32 MB RAM | 32 MB ROM4.57 cm (1.8 inch) Display0.3MP Rear Camera1000 mAh Battery1 Year Manufacturer warranty.,3.6
147,Kechaoda K112,"₹1,499",32 MB RAM | 64 MB ROM | Expandable Upto 32 GB6.1 cm (2.4 inch) QVGA Display0.3MP Rear Camera3600 mAh Battery1 Year Manufacturer Warranty,4
148,"SAMSUNG Galaxy F13 (Nightsky Green, 64 GB)","₹10,999",4 GB RAM | 64 GB ROM | Expandable Upto 1 TB16.76 cm (6.6 inch) Full HD+ Display50MP + 5MP + 2MP | 8MP Front Camera6000 mAh Lithium Ion BatteryExynos 850 Processor1 Year Warranty Provided By the Manufacturer from Date of Purchase,4.3
149,"Infinix Note 12 Pro 5G (Snowfall, 128 GB)","₹15,999",8 GB RAM | 128 GB ROM | Expandable Upto 2 TB17.02 cm (6.7 inch) Full HD+ AMOLED Display108MP + 2MP (Depth) + 2MP (Macro) | 16MP Front Camera5000 mAh Li-ion Polymer BatteryMediatek Dimensity 810 5G Processor1 Year on Handset and 6 Months on Accessories,4.1
150,"Infinix Note 12 Pro 5G (Force Black, 128 GB)","₹15,999",8 GB RAM | 128 GB ROM | Expandable Upto 2 TB17.02 cm (6.7 inch) Full HD+ AMOLED Display108MP + 2MP (Depth) + 2MP (Macro) | 16MP Front Camera5000 mAh Li-ion Polymer BatteryMediatek Dimensity 810 5G Processor1 Year on Handset and 6 Months on Accessories,4.1
151,Micromax J22,"₹1,154",32 MB RAM | 32 MB ROM6.1 cm (2.4 inch) Display1000 mAh Battery1 Year Manufacturer warranty,3.9
152,Micromax J22,"₹1,135",32 MB RAM | 32 MB ROM6.1 cm (2.4 inch) Display1000 mAh Battery1 Year Manufacturer warranty,3.9
153,"REDMI 10 (Caribbean Green, 64 GB)","₹9,499",4 GB RAM | 64 GB ROM | Expandable Upto 1 TB17.02 cm (6.7 inch) HD+ Display50MP + 2MP | 5MP Front Camera6000 mAh Lithium Polymer BatteryQualcomm Snapdragon 680 Processor1 Year Warranty for Phone and 6 Months Warranty for In-Box Accessories,4.3
154,LAVA A3,"₹1,275",0 GB ROM | Expandable Upto 32 GB4.5 cm (1.77 inch) Display0.3MP Rear Camera | 0.3MP Front Camera1750 mAh Battery1 year manufacturer Replacement for device and 6 months manufacturer warranty for in-box accessories including batteries from the date of purchase,4.2
155,LAVA Hero 600i,₹899,4 MB RAM | 3 MB ROM | Expandable Upto 32 GB4.57 cm (1.8 inch) QVGA Display620 mAh Battery1 year manufacturer warranty for device and 6 months manufacturer warranty for in-box accessories including batteries from the date of purchase,4
156,I Kall K29,₹906,32 MB RAM | 32 MB ROM4.5 cm (1.77 inch) Display0.3MP Rear Camera2500 mAh BatteryBrand Warranty of 1 Year Available for Mobile and 6 Months for Accessories,3.8
157,"realme 10 Pro 5G (Dark Matter, 128 GB)","₹19,999",8 GB RAM | 128 GB ROM | Expandable Upto 1 TB17.07 cm (6.72 inch) Full HD+ Display108MP + 2MP | 16MP Front Camera5000 mAh BatteryQualcomm Snapdragon 695 5G Processor1 Year Manufacturer Warranty for Phone and 6 Months Warranty for In-Box Accessories,4.3
158,"realme 10 Pro 5G (Hyperspace, 128 GB)","₹19,999",8 GB RAM | 128 GB ROM | Expandable Upto 1 TB17.07 cm (6.72 inch) Full HD+ Display108MP + 2MP | 16MP Front Camera5000 mAh BatteryQualcomm Snapdragon 695 5G Processor1 Year Manufacturer Warranty for Phone and 6 Months Warranty for In-Box Accessories,4.3
159,"realme 10 Pro 5G (Nebula Blue, 128 GB)","₹18,999",6 GB RAM | 128 GB ROM | Expandable Upto 1 TB17.07 cm (6.72 inch) Full HD+ Display108MP + 2MP | 16MP Front Camera5000 mAh BatteryQualcomm Snapdragon 695 5G Processor1 Year Manufacturer Warranty for Phone and 6 Months Warranty for In-Box Accessories,4.3
160,"realme 10 Pro 5G (Hyperspace, 128 GB)","₹18,999",6 GB RAM | 128 GB ROM | Expandable Upto 1 TB17.07 cm (6.72 inch) Full HD+ Display108MP + 2MP | 16MP Front Camera5000 mAh BatteryQualcomm Snapdragon 695 5G Processor1 Year Manufacturer Warranty for Phone and 6 Months Warranty for In-Box Accessories,4.3
161,"realme 10 Pro 5G (Nebula Blue, 128 GB)","₹19,999",8 GB RAM | 128 GB ROM | Expandable Upto 1 TB17.07 cm (6.72 inch) Full HD+ Display108MP + 2MP | 16MP Front Camera5000 mAh BatteryQualcomm Snapdragon 695 5G Processor1 Year Manufacturer Warranty for Phone and 6 Months Warranty for In-Box Accessories,4.3
162,"realme C25s (Watery Grey, 128 GB)","₹9,999",4 GB RAM | 128 GB ROM | Expandable Upto 256 GB16.51 cm (6.5 inch) HD+ Display13MP + 2MP + 2MP | 8MP Front Camera6000 mAh BatteryMediaTek Helio G85 Processor1 Year Warranty for Mobile and 6 Months for Accessories,4.4
163,"realme Narzo N55 (Prime Blue, 128 GB)","₹13,489",6 GB RAM | 128 GB ROM17.07 cm (6.72 inch) Display64MP Rear Camera5000 mAh Battery1 Year Domestic Warranty for Phone and 6 Months Warranty for In-Box Accessories,4.3
164,"realme 10 Pro 5G (Dark Matter, 128 GB)","₹18,999",6 GB RAM | 128 GB ROM | Expandable Upto 1 TB17.07 cm (6.72 inch) Full HD+ Display108MP + 2MP | 16MP Front Camera5000 mAh BatteryQualcomm Snapdragon 695 5G Processor1 Year Manufacturer Warranty for Phone and 6 Months Warranty for In-Box Accessories,4.3
165,"SAMSUNG Galaxy F23 5G (Aqua Blue, 128 GB)","₹16,999",6 GB RAM | 128 GB ROM | Expandable Upto 1 TB16.76 cm (6.6 inch) Full HD+ Display50MP + 8MP + 2MP | 8MP Front Camera5000 mAh Lithium Ion BatteryQualcomm Snapdragon 750G Processor1 Year Warranty Provided by the Manufacturer from Date of Purchase,4.3
166,LAVA Hero 600i,₹899,4 MB RAM | 3 MB ROM | Expandable Upto 32 GB4.57 cm (1.8 inch) Display620 mAh Battery1 year manufacturer warranty for device and 6 months manufacturer warranty for in-box accessories including batteries from the date of purchase,4
167,Snexian GURU 312,₹699,32 MB RAM | 32 MB ROM | Expandable Upto 16 GB4.57 cm (1.8 inch) Quarter QVGA Display0.3MP Rear Camera800 mAh Battery3 Months Company Warranty,3.4
168,"POCO X5 5G (Jaguar Black, 256 GB)","₹18,999",8 GB RAM | 256 GB ROM | Expandable Upto 1 TB16.94 cm (6.67 inch) Full HD+ Display48MP + 8MP + 2MP | 13MP Front Camera5000 mAh BatteryQualcomm Snapdragon 695 Processor1 Year Manufacturer Warranty for Phone and 6 Months Warranty for In the Box Accessories,4.1
169,"SAMSUNG Galaxy F23 5G (Aqua Blue, 128 GB)","₹16,999",6 GB RAM | 128 GB ROM | Expandable Upto 1 TB16.76 cm (6.6 inch) Full HD+ Display50MP + 8MP + 2MP | 8MP Front Camera5000 mAh Lithium Ion BatteryQualcomm Snapdragon 750G Processor1 Year Warranty Provided by the Manufacturer from Date of Purchase,4.3
170,"SAMSUNG Galaxy F14 5G (B.A.E. Purple, 128 GB)","₹14,490","6 GB RAM | 128 GB ROM | Expandable Upto 1 TB16.76 cm (6.6 inch) Full HD+ Display50MP + 2MP | 13MP Front Camera6000 mAh BatteryExynos 1330, Octa Core Processor1 Year Manufacturer Warranty for Device and 6 Months Manufacturer Warranty for In-Box Accessories",4.2
171,A10E,"₹1,299",4 MB RAM | 32 MB ROM | Expandable Upto 64 GB4.57 cm (1.8 inch) Display800 mAh Battery2 Years Domestic Replacement Warranty,4.1
172,"realme Narzo N55 (Prime Blue, 128 GB)","₹13,489",6 GB RAM | 128 GB ROM17.07 cm (6.72 inch) Display64MP Rear Camera5000 mAh Battery1 Year Domestic Warranty for Phone and 6 Months Warranty for In-Box Accessories,4.3
173,A10E,"₹1,299",4 MB RAM | 32 MB ROM4.57 cm (1.8 inch) Display800 mAh Battery2 Years Domestic Replacement Warranty,4.1
174,itel MagicX Pro (4G Hotspot),"₹2,353",64 MB RAM | 128 MB ROM6.1 cm (2.4 inch) Display0.3MP Rear Camera2500 mAh Battery2 years warranty on mobile device & 6 months on accessories.,3.9
175,Kechaoda K66 The Music House 4,"₹1,199",32 MB RAM | 64 MB ROM4.57 cm (1.8 inch) Quarter QVGA Display1.3MP Rear Camera400 mAh Battery1 Year Brand Service Center Warranty,3.9
176,"SAMSUNG Galaxy F14 5G (GOAT Green, 128 GB)","₹13,490","4 GB RAM | 128 GB ROM | Expandable Upto 1 TB16.76 cm (6.6 inch) Full HD+ Display50MP + 2MP | 13MP Front Camera6000 mAh BatteryExynos 1330, Octa Core Processor1 Year Manufacturer Warranty for Device and 6 Months Manufacturer Warranty for In-Box Accessories",4.2
177,"SAMSUNG Galaxy F14 5G (B.A.E. Purple, 128 GB)","₹13,490","4 GB RAM | 128 GB ROM | Expandable Upto 1 TB16.76 cm (6.6 inch) Full HD+ Display50MP + 2MP | 13MP Front Camera6000 mAh BatteryExynos 1330, Octa Core Processor1 Year Manufacturer Warranty for Device and 6 Months Manufacturer Warranty for In-Box Accessories",4.2
178,I Kall K29,₹906,32 MB RAM | 32 MB ROM4.5 cm (1.77 inch) Display0.3MP Rear Camera2500 mAh BatteryBrand Warranty of 1 Year Available for Mobile and 6 Months for Accessories,3.8
179,"Infinix NOTE 12i (Metaverse Blue, 64 GB)","₹9,999",4 GB RAM | 64 GB ROM | Expandable Upto 512 GB17.02 cm (6.7 inch) Full HD+ AMOLED Display50 MP + 2 MP + QVGA | 8MP Front Camera5000 mAh Lithium-ion Polymer BatteryMediatek Helio G85 Processor1 Year on Handset and 6 Months on Accessories,4.2
180,"realme GT 2 (Steel Black, 128 GB)","₹23,999",8 GB RAM | 128 GB ROM16.81 cm (6.62 inch) Full HD+ AMOLED Display50MP + 8MP + 2MP | 16MP Front Camera5000 mAh Lithium Ion BatteryQualcomm Snapdragon 888 Processor1 Year Manufacturer Warranty for Phone and 6 Months Warranty for In-Box Accessories,4.3
181,"Infinix HOT 20 5G (Space Blue, 64 GB)","₹11,499",4 GB RAM | 64 GB ROM | Expandable Upto 1 TB16.76 cm (6.6 inch) Full HD+ Display50MP + AI Lens | 8MP Front Camera5000 mAh Li-ion Polymer BatteryDimensity 810 Processor1 Year on Handset and 6 Months on Accessories,4.2
182,"Infinix HOT 20 5G (Blaster Green, 64 GB)","₹11,499",4 GB RAM | 64 GB ROM | Expandable Upto 1 TB16.76 cm (6.6 inch) Full HD+ Display50MP + AI Lens | 8MP Front Camera5000 mAh Li-ion Polymer BatteryDimensity 810 Processor1 Year on Handset and 6 Months on Accessories,4.2
183,Micromax X412,₹906,32 MB RAM | 32 MB ROM4.5 cm (1.77 inch) Display800 mAh Battery12 Month,3.9
184,"SAMSUNG Galaxy F04 (Jade Purple, 64 GB)","₹8,499",4 GB RAM | 64 GB ROM | Expandable Upto 1 TB16.51 cm (6.5 inch) HD Display13MP + 2MP | 5MP Front Camera5000 mAh Lithium-Ion BatteryMediatek Helio P35 Processor1 Year Manufacturer Warranty for Device and 6 Months Manufacturer Warranty for In-Box Accessories,4.2
185,"Google Pixel 6a (Chalk, 128 GB)","₹28,999",6 GB RAM | 128 GB ROM15.6 cm (6.14 inch) Full HD+ Display12.2MP + 12MP | 8MP Front Camera4410 mAh BatteryGoogle Tensor Processor1 Year Brand Warranty,4.3
186,"Google Pixel 6a (Charcoal, 128 GB)","₹28,999",6 GB RAM | 128 GB ROM15.6 cm (6.14 inch) Full HD+ Display12.2MP + 12MP | 8MP Front Camera4410 mAh BatteryGoogle Tensor Processor1 Year Brand Warranty,4.3
187,PHILIPS Xenium E209,"₹1,235",32 MB RAM | 32 MB ROM | Expandable Upto 16 GB6.1 cm (2.4 inch) QVGA Display0.08MP Rear Camera1000 mAh Li-ion Battery1 Year Warranty on Mobile and 6 Months on Battery,3.9
188,LAVA A1,"₹1,129",24 MB RAM | 24 MB ROM | Expandable Upto 32 GB4.5 cm (1.77 inch) Quarter QVGA Display0.3MP Rear Camera800 mAh Battery1 Year Replacement Guarantee for Phone and 6 Months Replacement Guarantee for Accessories in Box (T&C Apply),4.2
189,Micromax X412,₹918,32 MB RAM | 32 MB ROM4.5 cm (1.77 inch) Display800 mAh Battery12 Month,3.9
190,"SAMSUNG Galaxy F13 (Waterfall Blue, 64 GB)","₹10,999",4 GB RAM | 64 GB ROM | Expandable Upto 1 TB16.76 cm (6.6 inch) Full HD+ Display50MP + 5MP + 2MP | 8MP Front Camera6000 mAh Lithium Ion BatteryExynos 850 Processor1 Year Warranty Provided By the Manufacturer from Date of Purchase,4.3
191,Nokia 105 ss,"₹1,549",4 MB RAM | 4 MB ROM4.57 cm (1.8 inch) Quarter QVGA Display800 mAh Battery1 Year Manufacturer Warranty,4.3
192,"APPLE iPhone 13 (Blue, 128 GB)","₹61,999",128 GB ROM15.49 cm (6.1 inch) Super Retina XDR Display12MP + 12MP | 12MP Front CameraA15 Bionic Chip ProcessorBrand Warranty for 1 Year,4.7
193,"SAMSUNG Galaxy F14 5G (OMG Black, 128 GB)","₹13,490","4 GB RAM | 128 GB ROM | Expandable Upto 1 TB16.76 cm (6.6 inch) Full HD+ Display50MP + 2MP | 13MP Front Camera6000 mAh BatteryExynos 1330, Octa Core Processor1 Year Manufacturer Warranty for Device and 6 Months Manufacturer Warranty for In-Box Accessories",4.2
194,"SAMSUNG Galaxy F13 (Sunrise Copper, 128 GB)","₹11,999",4 GB RAM | 128 GB ROM | Expandable Upto 1 TB16.76 cm (6.6 inch) Full HD+ Display50MP + 5MP + 2MP | 8MP Front Camera6000 mAh Lithium Ion BatteryExynos 850 Processor1 Year Warranty Provided By the Manufacturer from Date of Purchase,4.3
195,Nokia 105SS PLUS,"₹1,422",32 MB RAM | 32 MB ROM4.5 cm (1.77 inch) QVGA Display0MP Front Camera1000 mAh BatterySC6531E Processor1 Year Manufacturer Warranty for Device and 6 Months Manufacturer Warranty for In-box Accessories Including Battery from the Date of Purchase,4.1
196,"POCO X5 5G (Wildcat Blue, 256 GB)","₹18,999",8 GB RAM | 256 GB ROM | Expandable Upto 1 TB16.94 cm (6.67 inch) Full HD+ Display48MP + 8MP + 2MP | 13MP Front Camera5000 mAh BatteryQualcomm Snapdragon 695 Processor1 Year Manufacturer Warranty for Phone and 6 Months Warranty for In the Box Accessories,4.1
197,DIZO Star 500,"₹1,650",32 MB RAM | 32 MB ROM | Expandable Upto 64 GB7.11 cm (2.8 inch) QVGA Display0.3MP Rear Camera1900 mAh BatterySC6531E Processor1 Year Warranty,3.9
198,Snexian GURU 312,₹699,32 MB RAM | 32 MB ROM | Expandable Upto 16 GB4.57 cm (1.8 inch) Quarter QVGA Display0.3MP Rear Camera800 mAh Battery3 Months Company Warranty,3.4
199,KARBONN Jumbo K9,"₹1,288",Expandable Upto 8 GB6.6 cm (2.6 inch) QVGA Display1.3MP Rear Camera1800 mAh Li-Ion Battery1 Year for Mobile & 6 Months for Accessories,4
200,"REDMI Note 12 5G (Mystique Blue, 128 GB)","₹18,999",6 GB RAM | 128 GB ROM | Expandable Upto 1 TB16.94 cm (6.67 inch) Full HD+ Display48MP + 8MP + 2MP | 13MP Front Camera5000 mAh BatteryQualcomm Snapdragon 4 Gen 1 Processor1 Year Manufacturer Warranty for Phone and 6 Months Warranty for In the Box Accessories,4.2
201,LAVA A1,"₹1,129",24 MB RAM | 24 MB ROM | Expandable Upto 32 GB4.5 cm (1.77 inch) Quarter QVGA Display0.3MP Rear Camera800 mAh Battery1 Year Replacement Guarantee for Phone and 6 Months Replacement Guarantee for Accessories in Box (T&C Apply),4.2
202,"REDMI Note 12 5G (Matte Black, 128 GB)","₹18,999",6 GB RAM | 128 GB ROM | Expandable Upto 1 TB16.94 cm (6.67 inch) Full HD+ Display48MP + 8MP + 2MP | 13MP Front Camera5000 mAh BatteryQualcomm Snapdragon 4 Gen 1 Processor1 Year Manufacturer Warranty for Phone and 6 Months Warranty for In the Box Accessories,4.2
203,"Infinix NOTE 12i (Force Black, 64 GB)","₹9,999",4 GB RAM | 64 GB ROM | Expandable Upto 512 GB17.02 cm (6.7 inch) Full HD+ AMOLED Display50 MP + 2 MP + QVGA | 8MP Front Camera5000 mAh Lithium-ion Polymer BatteryMediatek Helio G85 Processor1 Year on Handset and 6 Months on Accessories,4.2
204,"REDMI Note 12 5G (Frosted Green, 128 GB)","₹18,999",6 GB RAM | 128 GB ROM | Expandable Upto 1 TB16.94 cm (6.67 inch) Full HD+ Display48MP + 8MP + 2MP | 13MP Front Camera5000 mAh BatteryQualcomm Snapdragon 4 Gen 1 Processor1 Year Manufacturer Warranty for Phone and 6 Months Warranty for In the Box Accessories,4.2
205,"REDMI 10 (Midnight Black, 64 GB)","₹9,499",4 GB RAM | 64 GB ROM | Expandable Upto 1 TB17.02 cm (6.7 inch) HD+ Display50MP + 2MP | 5MP Front Camera6000 mAh Lithium Polymer BatteryQualcomm Snapdragon 680 Processor1 Year Warranty for Phone and 6 Months Warranty for In-Box Accessories,4.3
206,"Infinix HOT 20 5G (Racing Black, 64 GB)","₹11,499",4 GB RAM | 64 GB ROM | Expandable Upto 1 TB16.76 cm (6.6 inch) Full HD+ Display50MP + AI Lens | 8MP Front Camera5000 mAh Li-ion Polymer BatteryDimensity 810 Processor1 Year on Handset and 6 Months on Accessories,4.2
207,"REDMI Note 12 5G (Matte Black, 128 GB)","₹16,999",4 GB RAM | 128 GB ROM | Expandable Upto 1 TB16.94 cm (6.67 inch) Full HD+ Display48MP + 8MP + 2MP | 13MP Front Camera5000 mAh BatteryQualcomm Snapdragon 4 Gen 1 Processor1 Year Manufacturer Warranty for Phone and 6 Months Warranty for In the Box Accessories,4
208,Micromax X512,"₹1,066",30 MB RAM | 24 MB ROM4.5 cm (1.77 inch) Display1750 mAh Battery1 Year Warranty,4
209,LAVA Hero 600i,₹899,4 MB RAM | 3 MB ROM | Expandable Upto 32 GB4.57 cm (1.8 inch) Display620 mAh Battery1 year manufacturer warranty for device and 6 months manufacturer warranty for in-box accessories including batteries from the date of purchase,4
210,"REDMI Note 12 5G (Mystique Blue, 128 GB)","₹16,999",4 GB RAM | 128 GB ROM | Expandable Upto 1 TB16.94 cm (6.67 inch) Full HD+ Display48MP + 8MP + 2MP | 13MP Front Camera5000 mAh BatteryQualcomm Snapdragon 4 Gen 1 Processor1 Year Manufacturer Warranty for Phone and 6 Months Warranty for In the Box Accessories,4
211,Kechaoda A26,"₹1,049",32 MB RAM | 32 MB ROM | Expandable Upto 16 GB1.68 cm (0.66 inch) Display800 mAh Battery1 Year Company Warranty,4.1
212,Kechaoda A26,"₹1,049",32 MB RAM | 32 MB ROM | Expandable Upto 16 GB1.68 cm (0.66 inch) Display800 mAh Battery1 Year Company Warranty,4.1
213,"REDMI Note 12 5G (Frosted Green, 128 GB)","₹16,999",4 GB RAM | 128 GB ROM | Expandable Upto 1 TB16.94 cm (6.67 inch) Full HD+ Display48MP + 8MP + 2MP | 13MP Front Camera5000 mAh BatteryQualcomm Snapdragon 4 Gen 1 Processor1 Year Manufacturer Warranty for Phone and 6 Months Warranty for In the Box Accessories,4
214,"realme C31 (Light Silver, 32 GB)","₹8,049",3 GB RAM | 32 GB ROM | Expandable Upto 1 TB16.56 cm (6.52 inch) HD Display13MP + 2MP + 0.3MP | 5MP Front Camera5000 mAh BatteryUnisoc T612 Processor1 Year Warranty for Phone and 6 Months Warranty for In-Box Accessories,4.5
215,"REDMI Note 12 (Ice Blue, 64 GB)","₹14,999",6 GB RAM | 64 GB ROM | Expandable Upto 1 TB16.94 cm (6.67 inch) Full HD+ Super AMOLED Display50MP + 8MP + 2MP | 13MP Front Camera5000 mAh BatterySnapdragon 685 Processor1 Year Manufacturer Warranty for Phone and 6 Months Warranty for In the Box Accessories,4.1
